{
  "id": "4ab14d54-6873-4664-af7d-b650b98f0a7b",
  "version": "release-49",
  "values": [
    {
      "enabled": true,
      "key": "_clientId",
      "value": "47f94468-3192-4192-b4ec-01e03c474cf7",
      "type": "text"
    },
    {
      "enabled": true,
      "key": "_clientSecret",
      "value": "0ae34c65-6c69-419e-a498-83bb28405c52",
      "type": "text"
    },
    {
      "enabled": true,
      "key": "_environment",
      "value": "Tecban Sandbox-1-prod",
      "type": "text"
    },
    {
      "enabled": true,
      "key": "resourceServer",
      "type": "text"
    },
    {
      "enabled": true,
      "key": "rs",
      "value": "https://rs1.tecban-sandbox.o3bank.co.uk",
      "type": "text"
    },
    {
      "enabled": true,
      "key": "resourceServerV20",
      "type": "text"
    },
    {
      "enabled": true,
      "key": "obParticipantId",
      "value": "c3c937c4-ab71-427f-9b59-4099b7c680ab",
      "type": "text"
    },
    {
      "enabled": true,
      "key": "oidcClient",
      "value": "47f94468-3192-4192-b4ec-01e03c474cf7",
      "type": "text"
    },
    {
      "enabled": true,
      "key": "basicToken",
      "value": "NDdmOTQ0NjgtMzE5Mi00MTkyLWI0ZWMtMDFlMDNjNDc0Y2Y3OjBhZTM0YzY1LTZjNjktNDE5ZS1hNDk4LTgzYmIyODQwNWM1Mg==",
      "type": "text"
    },
    {
      "enabled": true,
      "key": "dummyBaseUrl",
      "value": "x-open-banking/v1.1",
      "type": "text"
    },
    {
      "enabled": true,
      "key": "issuer",
      "value": "https://auth1.tecban-sandbox.o3bank.co.uk",
      "type": "text"
    },
    {
      "enabled": true,
      "key": "tokenEndpoint",
      "value": "https://as1.tecban-sandbox.o3bank.co.uk/token",
      "type": "text"
    },
    {
      "enabled": true,
      "key": "authEndpoint",
      "value": "https://auth1.tecban-sandbox.o3bank.co.uk/auth",
      "type": "text"
    },
    {
      "enabled": true,
      "key": "configEndpoint",
      "value": "https://auth1.tecban-sandbox.o3bank.co.uk/.well-known/openid-configuration",
      "type": "text"
    },
    {
      "enabled": true,
      "key": "redirectUrl",
      "value": "http://www.google.co.uk",
      "type": "text"
    }
  ],
  "timestamp": 1595436614976,
  "_postman_variable_scope": "environment",
  "_postman_exported_at": "2020-07-22T16:50:14.976Z",
  "_postman_exported_using": "Postman/5.3.2",
  "name": "TPP249_Banco_1"
}