{
  "id": "f96209e0-8287-454a-b23f-0cfbba3ab85f",
  "version": "release-49",
  "values": [
    {
      "enabled": true,
      "key": "_clientId",
      "value": "d257dbcc-b6d0-416d-aa3c-4b62ad349930",
      "type": "text"
    },
    {
      "enabled": true,
      "key": "_clientSecret",
      "value": "48cf46cf-5fed-4a4b-8db5-c9e695e4bc86",
      "type": "text"
    },
    {
      "enabled": true,
      "key": "_environment",
      "value": "Tecban Sandbox-2-prod",
      "type": "text"
    },
    {
      "enabled": true,
      "key": "resourceServer",
      "type": "text"
    },
    {
      "enabled": true,
      "key": "rs",
      "value": "https://rs2.tecban-sandbox.o3bank.co.uk",
      "type": "text"
    },
    {
      "enabled": true,
      "key": "resourceServerV20",
      "type": "text"
    },
    {
      "enabled": true,
      "key": "obParticipantId",
      "value": "c3c937c4-ab71-427f-9b59-4099b7c680ab",
      "type": "text"
    },
    {
      "enabled": true,
      "key": "oidcClient",
      "value": "d257dbcc-b6d0-416d-aa3c-4b62ad349930",
      "type": "text"
    },
    {
      "enabled": true,
      "key": "basicToken",
      "value": "ZDI1N2RiY2MtYjZkMC00MTZkLWFhM2MtNGI2MmFkMzQ5OTMwOjQ4Y2Y0NmNmLTVmZWQtNGE0Yi04ZGI1LWM5ZTY5NWU0YmM4Ng==",
      "type": "text"
    },
    {
      "enabled": true,
      "key": "dummyBaseUrl",
      "value": "x-open-banking/v1.1",
      "type": "text"
    },
    {
      "enabled": true,
      "key": "issuer",
      "value": "https://auth2.tecban-sandbox.o3bank.co.uk",
      "type": "text"
    },
    {
      "enabled": true,
      "key": "tokenEndpoint",
      "value": "https://as2.tecban-sandbox.o3bank.co.uk/token",
      "type": "text"
    },
    {
      "enabled": true,
      "key": "authEndpoint",
      "value": "https://auth2.tecban-sandbox.o3bank.co.uk/auth",
      "type": "text"
    },
    {
      "enabled": true,
      "key": "configEndpoint",
      "value": "https://auth2.tecban-sandbox.o3bank.co.uk/.well-known/openid-configuration",
      "type": "text"
    },
    {
      "enabled": true,
      "key": "redirectUrl",
      "value": "http://www.google.co.uk",
      "type": "text"
    }
  ],
  "timestamp": 1595437420999,
  "_postman_variable_scope": "environment",
  "_postman_exported_at": "2020-07-22T17:03:40.999Z",
  "_postman_exported_using": "Postman/5.3.2",
  "name": "TPP249_Banco_2"
}