{
  "logLevels": {
    "oidcClient": "debug",
    "http": "debug",
    "jwt": "debug"
  },
  "issuer": "https://issuer1.tide-pre.o3bank.co.uk/.well-known/openid-configuration",
  "certs": {
    "ca":   "C:\\usr\\freddi\\projects\\ozone\\tech\\repos\\monorepo\\crypto\\certs\\obie\\sandbox\\ob-sandbox-issuing-chain.pem",
    "cert": "C:\\usr\\freddi\\projects\\ozone\\tech\\repos\\monorepo\\crypto\\certs\\tpp\\tpp2019-HQuZPIt3ipkh33Uxytox1E\\transport-HQuZPIt3ipkh33Uxytox1E.pem",
    "key":  "C:\\usr\\freddi\\projects\\ozone\\tech\\repos\\monorepo\\crypto\\certs\\tpp\\tpp2019-HQuZPIt3ipkh33Uxytox1E\\transport-HQuZPIt3ipkh33Uxytox1E.key"
  },
  "token_endpoint_auth_method": "private_key_jwt",
  "token_endpoint_auth_signing_alg": "PS256",
  "client_id": "1a0dbb79-4ee7-420f-8842-c1a8757392bd",
  "client_secret": "8cf71c6f-7d35-478c-a933-e05c17d8517f",
  "signingKeyKid": "s99CfeUOgX3jAaCFkikeT_eyBc4",
  "signingKeyFileName": "C:\\usr\\freddi\\projects\\ozone\\tech\\repos\\monorepo\\crypto\\certs\\tpp\\GC2hvj8uKG-lC_Ge6UtjkXUVEQY\\signing-GC2hvj8uKG-lC_Ge6UtjkXUVEQY.key"
}
