{
  "issuer": "https://ob19-auth1-ui.o3bank.co.uk/.well-known/openid-configuration",
  "certs": {
    "ca": "C:\\usr\\freddi\\projects\\ozone\\tech\\repos\\monorepo\\crypto\\certs\\obie\\sandbox\\ob-sandbox-issuing-chain.pem",
    "cert": "C:\\usr\\freddi\\projects\\ozone\\tech\\repos\\monorepo\\crypto\\certs\\tpp\\tpp2019-HQuZPIt3ipkh33Uxytox1E\\transport-HQuZPIt3ipkh33Uxytox1E.pem",
    "key": "C:\\usr\\freddi\\projects\\ozone\\tech\\repos\\monorepo\\crypto\\certs\\tpp\\tpp2019-HQuZPIt3ipkh33Uxytox1E\\transport-HQuZPIt3ipkh33Uxytox1Ek.key"
  },
  "token_endpoint_auth_method": "tls_client_auth",
  "token_endpoint_auth_signing_alg": "PS256",
  "backchannel_authentication_request_signing_alg": "PS256",
  "client_id": "bd9ea798-f3a3-494e-94b2-2bd69ac0245c",
  "client_secret": "07b051be-a568-4d34-b83c-36581d7ab86e",
  "signingKeyKid": "oLyjFIQzA-RfmoAqd7jn5T9_kK8",
  "signingKeyFileName": "C:\\usr\\freddi\\projects\\ozone\\tech\\repos\\monorepo\\crypto\\certs\\tpp\\tpp2019-HQuZPIt3ipkh33Uxytox1E\\signing-HQuZPIt3ipkh33Uxytox1E.key"
}
